{
  "Pregnancies": 0.0699417344789165,
  "Glucose": 0.2945862564928523,
  "BloodPressure": 0.07490534096730382,
  "SkinThickness": 0.06801048120666198,
  "Insulin": 0.09757704891925928,
  "BMI": 0.16855121752465851,
  "DiabetesPedigreeFunction": 0.11113563770597817,
  "Age": 0.1152922827043695
}